ScSc_1, -3.440045
ScSc_2, -10.180033
ScSc_3, -3.296321
ScTi_1, -2.455469
ScTi_2, -9.070662
ScTi_3, -0.773490
ScV_1, -1.864082
ScV_2, -9.075963
ScV_3, -0.862748
ScCr_1, -1.590378
ScCr_2, -9.014491
ScCr_3, -1.086059
ScMn_1, -2.321504
ScMn_2, -9.078345
ScMn_3, -1.611689
ScFe_1, -1.155414
ScFe_2, -8.139642
ScFe_3, -0.427044
ScCo_1, -1.208334
ScCo_2, -7.919206
ScCo_3, -0.367820
ScNi_1, -1.405219
ScNi_2, -7.566191
ScNi_3, -0.176916
ScCu_1, -2.124754
ScCu_2, -7.548519
ScCu_3, -2.607179
ScZn_1, -2.087210
ScZn_2, -6.791963
ScZn_3, -2.592257
ScY_1, -3.041664
ScY_2, -9.615964
ScY_3, -2.416438
ScZr_1, -1.558011
ScZr_2, -8.658130
ScZr_3, -0.664235
ScNb_1, -0.783230
ScNb_2, -8.558623
ScNb_3, -0.499380
ScMo_1, 0.018325
ScMo_2, -8.368501
ScMo_3, -0.536797
ScRu_1, -0.201275
ScRu_2, -7.882167
ScRu_3, -0.000697
ScRh_1, -0.020744
ScRh_2, -7.455162
ScRh_3, 0.047488
ScPd_1, -0.183244
ScPd_2, -6.844013
ScPd_3, 0.325806
ScAg_1, -1.368729
ScAg_2, -7.030074
ScAg_3, -3.478141
ScCd_1, -1.221657
ScCd_2, -6.352355
ScCd_3, -2.754208
ScHf_1, -2.245285
ScHf_2, -8.541510
ScHf_3, -0.794232
ScTa_1, -1.648940
ScTa_2, -8.477277
ScTa_3, -0.761880
ScW_1, -0.783946
ScW_2, -8.264073
ScW_3, -0.716266
ScRe_1, -0.156812
ScRe_2, -7.829648
ScRe_3, -0.841307
ScOs_1, -0.792310
ScOs_2, -7.830300
ScOs_3, -0.005797
ScIr_1, -0.365986
ScIr_2, -7.354130
ScIr_3, 0.213380
ScPt_1, -0.305633
ScPt_2, -6.630816
ScPt_3, 0.547961
ScAu_1, -1.190918
ScAu_2, -6.570352
ScAu_3, -3.471252
TiTi_1, -3.262377
TiTi_2, -7.254279
TiTi_3, -0.592639
TiV_1, -2.611608
TiV_2, -7.405016
TiV_3, 0.044615
TiCr_1, -2.171690
TiCr_2, -7.457184
TiCr_3, 0.488319
TiMn_1, -2.070501
TiMn_2, -7.352062
TiMn_3, 0.935701
TiFe_1, -2.227270
TiFe_2, -7.904617
TiFe_3, 1.139066
TiCo_1, -1.896129
TiCo_2, -7.912936
TiCo_3, 1.299257
TiNi_1, -2.058768
TiNi_2, -8.005804
TiNi_3, 1.406446
TiCu_1, -1.998469
TiCu_2, -6.102069
TiCu_3, 1.483847
TiZn_1, -1.808655
TiZn_2, -6.619367
TiZn_3, 1.112218
TiY_1, -1.107080
TiY_2, -8.644699
TiY_3, -0.659840
TiZr_1, -2.234799
TiZr_2, -7.108899
TiZr_3, -0.433257
TiNb_1, -1.707101
TiNb_2, -7.320392
TiNb_3, 0.312250
TiMo_1, -0.475500
TiMo_2, -7.080235
TiMo_3, 0.586967
TiRu_1, -0.602677
TiRu_2, -7.252437
TiRu_3, 1.520861
TiRh_1, -0.143359
TiRh_2, -7.127585
TiRh_3, 1.824122
TiPd_1, -0.468248
TiPd_2, -7.132985
TiPd_3, 1.950119
TiAg_1, -0.051055
TiAg_2, -5.581464
TiAg_3, 1.477856
TiCd_1, -0.366484
TiCd_2, -5.978589
TiCd_3, 1.659069
TiHf_1, -2.723476
TiHf_2, -6.911571
TiHf_3, -0.159435
TiTa_1, -2.274785
TiTa_2, -7.136250
TiTa_3, 0.244205
TiW_1, -1.093445
TiW_2, -6.982000
TiW_3, 0.600138
TiRe_1, 0.156704
TiRe_2, -6.679041
TiRe_3, 1.105315
TiOs_1, -1.296795
TiOs_2, -7.237680
TiOs_3, 1.433254
TiIr_1, -0.469155
TiIr_2, -7.005565
TiIr_3, 1.735817
TiPt_1, -0.656988
TiPt_2, -6.912185
TiPt_3, 1.891372
TiAu_1, 0.145429
TiAu_2, -5.276724
TiAu_3, 1.719146
VV_1, -1.941087
VV_2, -7.345156
VV_3, 0.211308
VCr_1, -1.511690
VCr_2, -7.374598
VCr_3, 0.699738
VMn_1, -1.578863
VMn_2, -7.337470
VMn_3, 0.996010
VFe_1, -1.591112
VFe_2, -7.791202
VFe_3, 1.195175
VCo_1, -1.616548
VCo_2, -7.753685
VCo_3, 1.402027
VNi_1, -1.883003
VNi_2, -7.771223
VNi_3, 1.504717
VCu_1, -1.702085
VCu_2, -5.602094
VCu_3, 1.668986
VZn_1, -1.461408
VZn_2, -6.262977
VZn_3, 0.959657
VY_1, -1.270639
VY_2, -8.576899
VY_3, -1.051790
VZr_1, -1.658159
VZr_2, -6.999962
VZr_3, -0.365449
VNb_1, -1.003005
VNb_2, -7.179098
VNb_3, 0.427049
VMo_1, 0.217979
VMo_2, -6.958947
VMo_3, 0.757353
VRu_1, -0.044865
VRu_2, -7.038459
VRu_3, 1.781930
VRh_1, 0.034270
VRh_2, -6.871642
VRh_3, 1.957728
VPd_1, -0.366085
VPd_2, -6.808576
VPd_3, 2.056267
VAg_1, 0.137657
VAg_2, -5.082551
VAg_3, 1.749003
VCd_1, -0.338979
VCd_2, -5.605401
VCd_3, 1.894061
VHf_1, -2.347934
VHf_2, -6.884570
VHf_3, -0.089126
VTa_1, -1.658304
VTa_2, -7.085712
VTa_3, 0.386089
VW_1, -0.500379
VW_2, -6.916617
VW_3, 0.803248
VRe_1, 0.488569
VRe_2, -6.568661
VRe_3, 1.237416
VOs_1, -0.843184
VOs_2, -7.085854
VOs_3, 1.592703
VIr_1, -0.321231
VIr_2, -6.805780
VIr_3, 1.850835
VPt_1, -0.556222
VPt_2, -6.586769
VPt_3, 1.988854
VAu_1, 0.340110
VAu_2, -4.582963
VAu_3, 2.112235
CrCr_1, -1.123695
CrCr_2, -7.314532
CrCr_3, 0.898633
CrMn_1, -1.357656
CrMn_2, -7.309359
CrMn_3, 1.131904
CrFe_1, -1.441458
CrFe_2, -7.650167
CrFe_3, 1.195793
CrCo_1, -1.527024
CrCo_2, -7.529030
CrCo_3, 1.466944
CrNi_1, -1.844318
CrNi_2, -7.452997
CrNi_3, 1.400984
CrCu_1, -1.622531
CrCu_2, -5.321391
CrCu_3, 1.863203
CrZn_1, -1.532638
CrZn_2, -6.004799
CrZn_3, 0.905334
CrY_1, -1.393356
CrY_2, -8.462178
CrY_3, -1.197593
CrZr_1, -1.298877
CrZr_2, -6.965900
CrZr_3, -0.282903
CrNb_1, -0.695617
CrNb_2, -7.094258
CrNb_3, 0.473917
CrMo_1, 0.527040
CrMo_2, -6.834978
CrMo_3, 0.900842
CrRu_1, 0.056749
CrRu_2, -6.814524
CrRu_3, 1.933765
CrRh_1, 0.066630
CrRh_2, -6.575749
CrRh_3, 2.122953
CrPd_1, -0.375296
CrPd_2, -6.426378
CrPd_3, 2.162501
CrAg_1, 0.351805
CrAg_2, -4.763346
CrAg_3, 2.105111
CrCd_1, -0.212561
CrCd_2, -5.328415
CrCd_3, 1.978041
CrHf_1, -1.958566
CrHf_2, -6.880502
CrHf_3, -0.053902
CrTa_1, -1.375445
CrTa_2, -7.050552
CrTa_3, 0.446739
CrW_1, -0.206484
CrW_2, -6.863509
CrW_3, 0.902902
CrRe_1, 0.621582
CrRe_2, -6.453740
CrRe_3, 1.377154
CrOs_1, -0.779519
CrOs_2, -6.957864
CrOs_3, 1.654714
CrIr_1, -0.344908
CrIr_2, -6.558479
CrIr_3, 1.886479
CrPt_1, -0.721253
CrPt_2, -6.253180
CrPt_3, 1.982832
CrAu_1, 0.484500
CrAu_2, -4.254813
CrAu_3, 2.333544
MnMn_1, -1.822413
MnMn_2, -7.269911
MnMn_3, 0.954230
MnFe_1, -1.814863
MnFe_2, -7.509640
MnFe_3, 0.905227
MnCo_1, -2.012110
MnCo_2, -7.284979
MnCo_3, 1.020606
MnNi_1, -2.529712
MnNi_2, -7.133569
MnNi_3, 0.815631
MnCu_1, -2.084470
MnCu_2, -5.234329
MnCu_3, 2.190491
MnZn_1, -2.006141
MnZn_2, -5.974367
MnZn_3, 0.894425
MnY_1, -1.903810
MnY_2, -8.417729
MnY_3, -1.296965
MnZr_1, -1.641149
MnZr_2, -6.995797
MnZr_3, -0.159226
MnNb_1, -0.989986
MnNb_2, -7.078960
MnNb_3, 0.461428
MnMo_1, 0.210117
MnMo_2, -6.752502
MnMo_3, 1.034295
MnRu_1, -0.383181
MnRu_2, -6.617916
MnRu_3, 1.988514
MnRh_1, -0.471641
MnRh_2, -6.290334
MnRh_3, 2.037528
MnPd_1, -1.089609
MnPd_2, -6.110905
MnPd_3, 1.726820
MnAg_1, 0.063810
MnAg_2, -4.631338
MnAg_3, 2.430328
MnCd_1, -0.471871
MnCd_2, -5.171299
MnCd_3, 1.883935
MnHf_1, -2.169200
MnHf_2, -6.960463
MnHf_3, -0.040356
MnTa_1, -1.666804
MnTa_2, -7.097931
MnTa_3, 0.308203
MnW_1, -0.647373
MnW_2, -6.855754
MnW_3, 0.867899
MnRe_1, 0.155971
MnRe_2, -6.278608
MnRe_3, 1.546403
MnOs_1, -1.514803
MnOs_2, -6.814941
MnOs_3, 1.343596
MnIr_1, -1.129062
MnIr_2, -6.305236
MnIr_3, 1.588334
MnPt_1, -1.464008
MnPt_2, -5.957349
MnPt_3, 1.614860
MnAu_1, 0.152443
MnAu_2, -4.170807
MnAu_3, 2.337310
FeFe_1, -1.353099
FeFe_2, -7.321227
FeFe_3, 1.703863
FeCo_1, -1.442000
FeCo_2, -7.088689
FeCo_3, 1.883240
FeNi_1, -1.681230
FeNi_2, -6.875257
FeNi_3, 1.699769
FeCu_1, -1.382102
FeCu_2, -4.670842
FeCu_3, 1.502539
FeZn_1, -1.337566
FeZn_2, -5.272424
FeZn_3, 0.619562
FeY_1, -1.241554
FeY_2, -7.747343
FeY_3, -1.219351
FeZr_1, -0.906439
FeZr_2, -6.864694
FeZr_3, 0.031022
FeNb_1, -0.134866
FeNb_2, -6.914568
FeNb_3, 0.912528
FeMo_1, 0.723205
FeMo_2, -6.574940
FeMo_3, 1.391527
FeRu_1, 0.205992
FeRu_2, -6.269568
FeRu_3, 2.259490
FeRh_1, 0.096513
FeRh_2, -5.972250
FeRh_3, 2.373928
FePd_1, -0.369452
FePd_2, -5.735868
FePd_3, 2.210321
FeAg_1, 0.149888
FeAg_2, -4.078212
FeAg_3, 2.251450
FeCd_1, -0.100339
FeCd_2, -4.331523
FeCd_3, 1.698501
FeHf_1, -1.544941
FeHf_2, -6.818931
FeHf_3, 0.141101
FeTa_1, -0.830676
FeTa_2, -6.973701
FeTa_3, 0.956950
FeW_1, -0.008192
FeW_2, -6.702754
FeW_3, 1.227663
FeRe_1, 0.398252
FeRe_2, -6.127414
FeRe_3, 1.385035
FeOs_1, -0.462125
FeOs_2, -6.482165
FeOs_3, 1.845462
FeIr_1, -0.257857
FeIr_2, -5.883207
FeIr_3, 1.975157
FePt_1, -0.419970
FePt_2, -5.419919
FePt_3, 1.928854
FeAu_1, 0.262084
FeAu_2, -3.476658
FeAu_3, 2.542374
CoCo_1, -1.657927
CoCo_2, -6.707760
CoCo_3, 1.862071
CoNi_1, -1.973653
CoNi_2, -6.452265
CoNi_3, 1.581808
CoCu_1, -1.584101
CoCu_2, -4.538553
CoCu_3, 1.622612
CoZn_1, -1.534304
CoZn_2, -4.978516
CoZn_3, 0.513624
CoY_1, -1.625321
CoY_2, -7.488461
CoY_3, -1.733275
CoZr_1, -0.631179
CoZr_2, -6.800066
CoZr_3, 0.296876
CoNb_1, -0.007382
CoNb_2, -6.763518
CoNb_3, 1.094970
CoMo_1, 0.648201
CoMo_2, -6.325736
CoMo_3, 1.657292
CoRu_1, 0.071089
CoRu_2, -5.846826
CoRu_3, 2.423226
CoRh_1, -0.255210
CoRh_2, -5.499661
CoRh_3, 2.409435
CoPd_1, -0.727551
CoPd_2, -5.355865
CoPd_3, 2.095451
CoAg_1, -0.039880
CoAg_2, -3.717667
CoAg_3, 2.381558
CoCd_1, -0.200969
CoCd_2, -3.913281
CoCd_3, 1.550993
CoHf_1, -1.365850
CoHf_2, -6.807276
CoHf_3, 0.358996
CoTa_1, -0.781922
CoTa_2, -6.888758
CoTa_3, 1.086504
CoW_1, -0.053344
CoW_2, -6.514482
CoW_3, 1.389915
CoRe_1, 0.329259
CoRe_2, -5.824785
CoRe_3, 1.573181
CoOs_1, -0.809386
CoOs_2, -6.147388
CoOs_3, 1.674933
CoIr_1, -0.635111
CoIr_2, -5.469414
CoIr_3, 1.865986
CoPt_1, -0.782945
CoPt_2, -5.055696
CoPt_3, 1.791554
CoAu_1, 0.066872
CoAu_2, -3.173775
CoAu_3, 2.543298
NiNi_1, -2.402506
NiNi_2, -6.330811
NiNi_3, 1.270791
NiCu_1, -1.935228
NiCu_2, -4.717682
NiCu_3, 1.334021
NiZn_1, -1.923438
NiZn_2, -4.880688
NiZn_3, 0.259503
NiY_1, -2.084920
NiY_2, -7.232745
NiY_3, -2.329986
NiZr_1, -0.836137
NiZr_2, -6.684165
NiZr_3, 0.664925
NiNb_1, -0.239047
NiNb_2, -6.572209
NiNb_3, 1.393131
NiMo_1, 0.379826
NiMo_2, -6.013886
NiMo_3, 1.888182
NiRu_1, -0.286492
NiRu_2, -5.404164
NiRu_3, 2.380340
NiRh_1, -0.646612
NiRh_2, -5.125412
NiRh_3, 2.224481
NiPd_1, -1.219132
NiPd_2, -5.192479
NiPd_3, 1.839739
NiAg_1, -0.519688
NiAg_2, -3.405964
NiAg_3, 2.260030
NiCd_1, -0.502818
NiCd_2, -3.542310
NiCd_3, 1.242805
NiHf_1, -1.556533
NiHf_2, -6.743087
NiHf_3, 0.544453
NiTa_1, -1.043404
NiTa_2, -6.768681
NiTa_3, 1.121044
NiW_1, -0.490451
NiW_2, -6.264932
NiW_3, 1.385581
NiRe_1, -0.059330
NiRe_2, -5.522905
NiRe_3, 1.532024
NiOs_1, -1.242306
NiOs_2, -5.818597
NiOs_3, 1.390020
NiIr_1, -1.053259
NiIr_2, -5.298025
NiIr_3, 1.555722
NiPt_1, -1.331762
NiPt_2, -5.036311
NiPt_3, 1.496049
NiAu_1, -0.416099
NiAu_2, -2.974838
NiAu_3, 2.400143
CuCu_1, -1.472637
CuCu_2, -3.591575
CuCu_3, 1.307744
CuZn_1, -1.934074
CuZn_2, -3.846648
CuZn_3, -0.030988
CuY_1, -1.881896
CuY_2, -7.294175
CuY_3, -2.832535
CuZr_1, 0.213095
CuZr_2, -5.191713
CuZr_3, 1.338009
CuNb_1, 0.405622
CuNb_2, -4.826252
CuNb_3, 1.599436
CuMo_1, 0.991316
CuMo_2, -4.418082
CuMo_3, 2.354719
CuRu_1, 0.093892
CuRu_2, -3.964686
CuRu_3, 2.345348
CuRh_1, -0.268819
CuRh_2, -3.885178
CuRh_3, 2.484093
CuPd_1, -0.780579
CuPd_2, -4.097854
CuPd_3, 2.061801
CuAg_1, 0.021911
CuAg_2, -2.497965
CuAg_3, 2.397046
CuCd_1, -0.604699
CuCd_2, -2.882348
CuCd_3, 1.105378
CuHf_1, -0.790260
CuHf_2, -5.301813
CuHf_3, 0.773014
CuTa_1, -0.713096
CuTa_2, -5.057682
CuTa_3, 0.848865
CuW_1, -0.180916
CuW_2, -4.629577
CuW_3, 1.461716
CuRe_1, 0.534187
CuRe_2, -4.210545
CuRe_3, 2.131203
CuOs_1, -0.967413
CuOs_2, -4.403599
CuOs_3, 1.185553
CuIr_1, -0.901201
CuIr_2, -4.146337
CuIr_3, 1.659669
CuPt_1, -1.044996
CuPt_2, -4.042859
CuPt_3, 1.486374
CuAu_1, 0.118085
CuAu_2, -2.211021
CuAu_3, 2.017275
ZnZn_1, -2.294806
ZnZn_2, -3.779061
ZnZn_3, -1.520579
ZnY_1, -1.077421
ZnY_2, -6.451935
ZnY_3, -2.897226
ZnZr_1, 0.184649
ZnZr_2, -5.094410
ZnZr_3, 1.029420
ZnNb_1, 0.406830
ZnNb_2, -4.813313
ZnNb_3, 0.963773
ZnMo_1, 0.904281
ZnMo_2, -4.445490
ZnMo_3, 1.684958
ZnRu_1, 0.014805
ZnRu_2, -4.045576
ZnRu_3, 1.367410
ZnRh_1, -0.284531
ZnRh_2, -3.975000
ZnRh_3, 1.395099
ZnPd_1, -0.912979
ZnPd_2, -4.116323
ZnPd_3, 1.033073
ZnAg_1, -0.772960
ZnAg_2, -2.489250
ZnAg_3, 1.186591
ZnCd_1, -1.233742
ZnCd_2, -2.896170
ZnCd_3, -0.218929
ZnHf_1, -0.903347
ZnHf_2, -5.141198
ZnHf_3, 0.134302
ZnTa_1, -0.714703
ZnTa_2, -5.005602
ZnTa_3, -0.040616
ZnW_1, -0.218604
ZnW_2, -4.693686
ZnW_3, 0.492458
ZnRe_1, 0.274976
ZnRe_2, -4.105630
ZnRe_3, 1.138101
ZnOs_1, -1.117580
ZnOs_2, -4.680880
ZnOs_3, 0.219550
ZnIr_1, -0.881240
ZnIr_2, -4.326187
ZnIr_3, 0.641568
ZnPt_1, -1.189166
ZnPt_2, -4.096498
ZnPt_3, 0.554574
ZnAu_1, -0.838255
ZnAu_2, -2.110349
ZnAu_3, 0.772358
YY_1, -1.089602
YY_2, -7.725617
YY_3, -1.740432
YZr_1, 1.307489
YZr_2, -8.463435
YZr_3, 0.033120
YNb_1, 1.828121
YNb_2, -8.126300
YNb_3, 0.349561
YMo_1, 2.231647
YMo_2, -7.553102
YMo_3, 0.166552
YRu_1, 1.736953
YRu_2, -6.847087
YRu_3, 0.293217
YRh_1, 1.577069
YRh_2, -5.939157
YRh_3, 0.136019
YPd_1, 1.368494
YPd_2, -5.138237
YPd_3, 0.177089
YAg_1, 0.295196
YAg_2, -5.990236
YAg_3, -3.074010
YCd_1, 0.149294
YCd_2, -5.358490
YCd_3, -2.782906
YHf_1, 0.661723
YHf_2, -8.550443
YHf_3, -0.426998
YTa_1, 1.151011
YTa_2, -8.186501
YTa_3, 0.027262
YW_1, 1.755261
YW_2, -7.625116
YW_3, 0.063964
YRe_1, 1.915426
YRe_2, -6.759360
YRe_3, 0.121587
YOs_1, 1.446348
YOs_2, -6.842636
YOs_3, 0.452331
YIr_1, 1.562947
YIr_2, -5.809126
YIr_3, 0.330064
YPt_1, 1.291524
YPt_2, -4.862979
YPt_3, 0.535527
YAu_1, 0.156078
YAu_2, -5.423006
YAu_3, -3.106422
ZrZr_1, 0.013751
ZrZr_2, -7.305322
ZrZr_3, -0.510553
ZrNb_1, 0.413717
ZrNb_2, -7.362483
ZrNb_3, -0.005752
ZrMo_1, 1.373359
ZrMo_2, -6.989072
ZrMo_3, 0.591580
ZrRu_1, 1.316786
ZrRu_2, -6.693299
ZrRu_3, 1.622712
ZrRh_1, 1.635506
ZrRh_2, -6.240685
ZrRh_3, 2.156932
ZrPd_1, 1.579880
ZrPd_2, -5.941733
ZrPd_3, 2.306923
ZrAg_1, 2.182205
ZrAg_2, -4.720351
ZrAg_3, 1.442520
ZrCd_1, 1.298818
ZrCd_2, -4.626447
ZrCd_3, 1.676566
ZrHf_1, -0.468659
ZrHf_2, -7.066330
ZrHf_3, -0.465582
ZrTa_1, 0.252892
ZrTa_2, -7.150012
ZrTa_3, 0.128901
ZrW_1, 1.120084
ZrW_2, -6.853321
ZrW_3, 0.562844
ZrRe_1, 1.955260
ZrRe_2, -6.296738
ZrRe_3, 0.974575
ZrOs_1, 1.006596
ZrOs_2, -6.675373
ZrOs_3, 1.567473
ZrIr_1, 1.624071
ZrIr_2, -6.127529
ZrIr_3, 2.079756
ZrPt_1, 1.585395
ZrPt_2, -5.780014
ZrPt_3, 2.250393
ZrAu_1, 2.234905
ZrAu_2, -4.165621
ZrAu_3, 2.066559
NbNb_1, 1.099783
NbNb_2, -7.039353
NbNb_3, 0.364835
NbMo_1, 1.996278
NbMo_2, -6.658956
NbMo_3, 0.914242
NbRu_1, 1.929864
NbRu_2, -6.226465
NbRu_3, 2.017825
NbRh_1, 2.152345
NbRh_2, -5.750262
NbRh_3, 2.367118
NbPd_1, 1.897415
NbPd_2, -5.387208
NbPd_3, 2.426712
NbAg_1, 2.463331
NbAg_2, -3.825394
NbAg_3, 1.820351
NbCd_1, 1.465661
NbCd_2, -3.972924
NbCd_3, 1.880587
NbHf_1, -0.142409
NbHf_2, -6.894084
NbHf_3, -0.417512
NbTa_1, 0.783295
NbTa_2, -6.897080
NbTa_3, 0.370431
NbW_1, 1.621223
NbW_2, -6.592308
NbW_3, 0.801874
NbRe_1, 2.424801
NbRe_2, -5.936141
NbRe_3, 1.289247
NbOs_1, 1.673711
NbOs_2, -6.299853
NbOs_3, 1.827699
NbIr_1, 2.070796
NbIr_2, -5.698165
NbIr_3, 2.247814
NbPt_1, 1.844109
NbPt_2, -5.231039
NbPt_3, 2.378707
NbAu_1, 2.377659
NbAu_2, -3.243708
NbAu_3, 2.341992
MoMo_1, 2.423668
MoMo_2, -6.217441
MoMo_3, 1.291747
MoRu_1, 2.298933
MoRu_2, -5.625790
MoRu_3, 2.355709
MoRh_1, 2.376272
MoRh_2, -4.969988
MoRh_3, 2.673278
MoPd_1, 2.132515
MoPd_2, -4.523110
MoPd_3, 2.678564
MoAg_1, 2.898845
MoAg_2, -3.162546
MoAg_3, 2.447704
MoCd_1, 1.800307
MoCd_2, -3.279624
MoCd_3, 2.221795
MoHf_1, 0.517888
MoHf_2, -6.711292
MoHf_3, -0.114568
MoTa_1, 1.440688
MoTa_2, -6.661227
MoTa_3, 0.617397
MoW_1, 2.232768
MoW_2, -6.234313
MoW_3, 1.150203
MoRe_1, 2.888966
MoRe_2, -5.339080
MoRe_3, 1.687199
MoOs_1, 2.101125
MoOs_2, -5.731700
MoOs_3, 2.142021
MoIr_1, 2.284249
MoIr_2, -4.965687
MoIr_3, 2.539797
MoPt_1, 2.052070
MoPt_2, -4.434569
MoPt_3, 2.599894
MoAu_1, 2.820788
MoAu_2, -2.490177
MoAu_3, 2.844322
RuRu_1, 2.101216
RuRu_2, -4.661626
RuRu_3, 2.803599
RuRh_1, 1.998884
RuRh_2, -4.055982
RuRh_3, 2.908716
RuPd_1, 1.717908
RuPd_2, -3.562126
RuPd_3, 2.870492
RuAg_1, 2.392622
RuAg_2, -2.411145
RuAg_3, 2.941727
RuCd_1, 1.440555
RuCd_2, -2.510703
RuCd_3, 2.454774
RuHf_1, 0.884282
RuHf_2, -6.221970
RuHf_3, 0.552790
RuTa_1, 1.562595
RuTa_2, -6.126114
RuTa_3, 1.351591
RuW_1, 2.162776
RuW_2, -5.598978
RuW_3, 1.882096
RuRe_1, 2.449355
RuRe_2, -4.558178
RuRe_3, 2.247909
RuOs_1, 1.725157
RuOs_2, -4.887084
RuOs_3, 2.598145
RuIr_1, 1.878945
RuIr_2, -4.052463
RuIr_3, 2.820790
RuPt_1, 1.585190
RuPt_2, -3.541300
RuPt_3, 2.874676
RuAu_1, 2.113914
RuAu_2, -1.726107
RuAu_3, 3.284817
RhRh_1, 1.865374
RhRh_2, -3.324020
RhRh_3, 3.024602
RhPd_1, 1.568582
RhPd_2, -2.893263
RhPd_3, 2.948042
RhAg_1, 2.371483
RhAg_2, -2.001007
RhAg_3, 3.195262
RhCd_1, 1.501355
RhCd_2, -2.057508
RhCd_3, 2.528807
RhHf_1, 1.219020
RhHf_2, -5.981618
RhHf_3, 0.967899
RhTa_1, 1.683443
RhTa_2, -5.784885
RhTa_3, 1.672392
RhW_1, 2.151701
RhW_2, -5.119750
RhW_3, 2.230707
RhRe_1, 2.464081
RhRe_2, -3.927059
RhRe_3, 2.536198
RhOs_1, 1.657550
RhOs_2, -4.313540
RhOs_3, 2.747636
RhIr_1, 1.754324
RhIr_2, -3.349692
RhIr_3, 2.908430
RhPt_1, 1.374919
RhPt_2, -2.826632
RhPt_3, 2.855773
RhAu_1, 2.045365
RhAu_2, -1.449678
RhAu_3, 3.354997
PdPd_1, 1.058067
PdPd_2, -2.691291
PdPd_3, 2.862410
PdAg_1, 1.780816
PdAg_2, -1.813321
PdAg_3, 3.098769
PdCd_1, 1.172844
PdCd_2, -1.794288
PdCd_3, 2.365587
PdHf_1, 0.931726
PdHf_2, -5.731309
PdHf_3, 1.386407
PdTa_1, 1.356658
PdTa_2, -5.461541
PdTa_3, 1.951842
PdW_1, 1.785662
PdW_2, -4.732001
PdW_3, 2.389829
PdRe_1, 2.111600
PdRe_2, -3.485559
PdRe_3, 2.602884
PdOs_1, 1.077500
PdOs_2, -3.870525
PdOs_3, 2.738560
PdIr_1, 1.218287
PdIr_2, -2.990412
PdIr_3, 2.828577
PdPt_1, 0.758547
PdPt_2, -2.616588
PdPt_3, 2.742062
PdAu_1, 1.539484
PdAu_2, -1.235126
PdAu_3, 3.167165
AgAg_1, 2.013009
AgAg_2, -1.122931
AgAg_3, 3.049158
AgCd_1, 1.203794
AgCd_2, -1.409850
AgCd_3, 2.286083
AgHf_1, 2.105441
AgHf_2, -4.096884
AgHf_3, 1.647138
AgTa_1, 2.077071
AgTa_2, -3.503289
AgTa_3, 2.169721
AgW_1, 2.526237
AgW_2, -3.071193
AgW_3, 2.711432
AgRe_1, 2.962396
AgRe_2, -2.641090
AgRe_3, 3.169237
AgOs_1, 1.700852
AgOs_2, -2.412329
AgOs_3, 2.937168
AgIr_1, 1.821574
AgIr_2, -2.069816
AgIr_3, 3.133159
AgPt_1, 1.503624
AgPt_2, -1.756649
AgPt_3, 2.932411
AgAu_1, 1.827760
AgAu_2, -0.569262
AgAu_3, 3.094903
CdCd_1, 0.603255
CdCd_2, -1.252639
CdCd_3, 1.378887
CdHf_1, 1.686298
CdHf_2, -3.850017
CdHf_3, 1.328745
CdTa_1, 1.741319
CdTa_2, -3.470998
CdTa_3, 1.550526
CdW_1, 2.110416
CdW_2, -3.067422
CdW_3, 1.999203
CdRe_1, 2.521137
CdRe_2, -2.438904
CdRe_3, 2.469156
CdOs_1, 1.247513
CdOs_2, -2.481166
CdOs_3, 2.024412
CdIr_1, 1.402573
CdIr_2, -2.007581
CdIr_3, 2.225392
CdPt_1, 1.040601
CdPt_2, -1.812898
CdPt_3, 2.102740
CdAu_1, 0.954956
CdAu_2, -0.246372
CdAu_3, 2.219504
HfHf_1, 1.255494
HfHf_2, -7.289439
HfHf_3, -0.621738
HfTa_1, 1.738378
HfTa_2, -7.006952
HfTa_3, 0.056253
HfW_1, 2.334546
HfW_2, -6.332611
HfW_3, 0.710618
HfRe_1, 3.039204
HfRe_2, -5.322484
HfRe_3, 1.426740
HfOs_1, 2.293243
HfOs_2, -5.593858
HfOs_3, 1.731629
HfIr_1, 2.723327
HfIr_2, -4.683962
HfIr_3, 2.490422
HfPt_1, 2.639859
HfPt_2, -4.019455
HfPt_3, 2.666989
HfAu_1, 3.220374
HfAu_2, -3.450871
HfAu_3, 2.482706
TaTa_1, 2.401033
TaTa_2, -6.469411
TaTa_3, 0.462511
TaW_1, 2.969767
TaW_2, -5.792857
TaW_3, 1.211895
TaRe_1, 3.535277
TaRe_2, -4.697848
TaRe_3, 1.880003
TaOs_1, 2.775679
TaOs_2, -5.040620
TaOs_3, 2.177931
TaIr_1, 3.081433
TaIr_2, -4.106428
TaIr_3, 2.805141
TaPt_1, 2.798768
TaPt_2, -3.437885
TaPt_3, 2.855559
TaAu_1, 3.395390
TaAu_2, -2.551461
TaAu_3, 2.791537
WW_1, 3.366246
WW_2, -5.048009
WW_3, 1.724770
WRe_1, 3.834739
WRe_2, -3.828563
WRe_3, 2.368390
WOs_1, 3.117130
WOs_2, -4.204054
WOs_3, 2.555326
WIr_1, 3.262749
WIr_2, -3.233974
WIr_3, 3.107787
WPt_1, 2.972925
WPt_2, -2.565706
WPt_3, 3.097594
WAu_1, 3.598541
WAu_2, -1.727728
WAu_3, 3.228135
ReRe_1, 3.867402
ReRe_2, -2.878306
ReRe_3, 2.825447
ReOs_1, 3.239284
ReOs_2, -3.262939
ReOs_3, 2.889038
ReIr_1, 3.269897
ReIr_2, -2.326484
ReIr_3, 3.336579
RePt_1, 3.036210
RePt_2, -1.682916
RePt_3, 3.307972
ReAu_1, 3.598514
ReAu_2, -1.007384
ReAu_3, 3.556246
OsOs_1, 2.838364
OsOs_2, -3.213399
OsOs_3, 3.057974
OsIr_1, 2.860309
OsIr_2, -2.324739
OsIr_3, 3.288922
OsPt_1, 2.620131
OsPt_2, -1.712163
OsPt_3, 3.189723
OsAu_1, 3.193921
OsAu_2, -0.912186
OsAu_3, 3.499392
IrIr_1, 2.830783
IrIr_2, -1.554071
IrIr_3, 3.416662
IrPt_1, 2.602903
IrPt_2, -0.975249
IrPt_3, 3.288657
IrAu_1, 3.153374
IrAu_2, -0.493214
IrAu_3, 3.587400
PtPt_1, 2.342208
PtPt_2, -0.749116
PtPt_3, 3.200365
PtAu_1, 2.740591
PtAu_2, -0.289646
PtAu_3, 3.461940
AuAu_1, 2.676201
AuAu_2, -0.045923
AuAu_3, 3.396986
